EmployeeID,AppliedDate,HiredDate
1,2015-04-14,2022-02-24
2,2016-08-30,2021-07-27
3,2018-11-08,2018-12-09
4,2019-08-11,2018-11-13
5,2018-01-26,2022-03-16
6,2016-12-18,2022-05-24
7,2017-08-23,2023-01-13
8,2020-04-20,2020-03-22
9,2016-09-20,2021-06-21
10,2018-07-22,2017-08-14
11,2015-11-25,2018-02-14
12,2019-12-13,2022-03-28
13,2018-07-09,2022-07-21
14,2017-06-01,2018-10-24
15,2021-06-23,2016-06-26
16,2022-07-20,2020-03-30
17,2015-04-20,2022-03-14
18,2020-11-04,2018-03-14
19,2021-05-08,2019-04-01
20,2022-11-25,2016-04-07
21,2018-02-27,2022-08-09
22,2022-01-04,2016-07-07
23,2019-08-30,2015-07-17
24,2023-03-18,2017-01-29
25,2019-10-01,2022-03-20
26,2021-10-16,2019-03-28
27,2023-02-22,2018-09-24
28,2016-11-19,2016-04-08
29,2019-05-06,2015-02-08
30,2017-10-19,2016-06-25
31,2017-07-02,2023-02-15
32,2019-11-02,2018-08-03
33,2020-12-01,2017-02-20
34,2017-10-22,2015-11-24
35,2021-11-29,2019-01-22
36,2016-08-15,2021-04-30
37,2021-12-03,2018-10-15
38,2016-04-14,2017-04-30
39,2015-06-30,2018-07-03
40,2018-06-16,2021-07-01
41,2018-07-21,2020-09-12
42,2022-10-13,2019-01-09
43,2020-12-24,2018-05-29
44,2019-10-17,2017-01-30
45,2021-04-10,2022-09-29
46,2018-03-19,2020-12-18
47,2020-10-01,2019-07-07
48,2018-05-22,2016-06-08
49,2021-07-05,2019-04-13
50,2022-03-30,2019-07-06
